{
    "name": "\u7ec4\u5408\u89e6\u53d1",
    "condition_type": "combo",
    "parameters": {
        "combo_type": "AND"
    },
    "enabled": true,
    "check_interval": 0.1,
    "sub_conditions": [
        {
            "name": "\u76ee\u6807\u68c0\u6d4b",
            "condition_type": "color",
            "parameters": {
                "x": 300,
                "y": 200,
                "color": [
                    0,
                    255,
                    0
                ],
                "tolerance": 20
            },
            "enabled": true
        },
        {
            "name": "\u51b7\u5374\u68c0\u6d4b",
            "condition_type": "time",
            "parameters": {
                "interval": 20.0
            },
            "enabled": true
        }
    ]
}